region,year,emission,population
Asia,1990,8270.11,2894547299
Asia,1991,8552.07,2942314022
Asia,1992,8757.02,2987667479
Asia,1993,9065.66,3031145028
Asia,1994,9347.6,3073630599
Asia,1995,9893.27,3115775282
Asia,1996,9841.4,3157697712
Asia,1997,10882.79,3199181754
Asia,1998,10209.35,3240158198
Asia,1999,10191.56,3280476868
Asia,2000,10480.45,3320039127
Asia,2001,10745.02,3358861274
Asia,2002,11658.95,3397038377
Asia,2003,12069.84,3434639971
Asia,2004,13388.62,3471755268
Asia,2005,13947.63,3508453993
Asia,2006,15188.64,3544753204
Asia,2007,15523.87,3580652386
Asia,2008,15934.09,3616178444
Asia,2009,16983.09,3651356345
Asia,2010,17777.21,3686196478
Asia,2011,18835.39,3720690711
Asia,2012,19423.17,3754812252
Asia,2013,19961.61,3788522683
Asia,2014,20502.53,3821770691
Asia,2015,20616.56,3854499766
Asia,2016,20408.22,3886689788
Asia,2017,20794.33,3918287904
Asia,2018,21501.11,3949163611
North America,1990,6587.28,363660371
North America,1991,6559.66,367996588
North America,1992,6660.34,372346011
North America,1993,6785.51,376761381
North America,1994,6922.62,381314151
North America,1995,6981.03,386046993
North America,1996,7198.06,390995702
North America,1997,7486.63,396122893
North America,1998,7574.33,401309651
North America,1999,7548.02,406391534
North America,2000,7745.35,411255315
North America,2001,7831.48,415842552
North America,2002,7697.02,420198854
North America,2003,7799.29,424441340
North America,2004,7879.47,428741955
North America,2005,7929.48,433219970
North America,2006,7843.35,437913094
North America,2007,7986.89,442766651
North America,2008,7815.56,447695768
North America,2009,7336.23,452574273
North America,2010,7601.66,457308634
North America,2011,7302.77,461875230
North America,2012,7055.1,466296549
North America,2013,7200.85,470580644
North America,2014,7219.25,474749280
North America,2015,7116.35,478819609
North America,2016,7106.65,482788721
North America,2017,7053.96,486650648
North America,2018,7253.05,490418168
Europe,1990,13490.7,1206941259
Europe,1991,13172.8,1210178212
Europe,1992,12481.13,1213058440
Europe,1993,11933.02,1215481929
Europe,1994,11471.58,1217329942
Europe,1995,11445.46,1218551820
Europe,1996,11585.22,1219072748
Europe,1997,11256.62,1219007319
Europe,1998,11132.1,1218729229
Europe,1999,10968.43,1218742991
Europe,2000,11006.19,1219411806
Europe,2001,10650.94,1220871209
Europe,2002,10618.56,1223024465
Europe,2003,10922.28,1225712544
Europe,2004,10931.77,1228671879
Europe,2005,10848.2,1231698042
Europe,2006,10922.86,1234761277
Europe,2007,10851.85,1237896222
Europe,2008,10675.96,1241034675
Europe,2009,9850.14,1244106006
Europe,2010,10166.64,1247054952
Europe,2011,9636.8,1249817949
Europe,2012,9540.94,1252376917
Europe,2013,9316.05,1254778843
Europe,2014,8930.85,1257103309
Europe,2015,8925.52,1259394978
Europe,2016,9730.37,1261679513
Europe,2017,9740.28,1263896962
Europe,2018,9656.67,1265905109
South America,1990,2889.36,295280413
South America,1991,2924.07,300706712
South America,1992,2954.41,306101384
South America,1993,2982.39,311470168
South America,1994,3018.56,316822699
South America,1995,3064.84,322162415
South America,1996,3119.03,327490753
South America,1997,3177.09,332794518
South America,1998,3218.53,338045103
South America,1999,3232.97,343204873
South America,2000,3221.74,348245834
South America,2001,3269.26,353160120
South America,2002,3314.31,357951721
South America,2003,3346.97,362619694
South America,2004,3439.61,367167087
South America,2005,3470.33,371598712
South America,2006,3475.95,375909952
South America,2007,3554.6,380105945
South America,2008,3579.24,384214546
South America,2009,3548.58,388272881
South America,2010,3691.56,392307797
South America,2011,2833.23,396330505
South America,2012,2903.58,400335073
South America,2013,2956.78,404310106
South America,2014,2996.89,408236233
South America,2015,2981.88,412098846
South America,2016,3023.09,415894121
South America,2017,3024.15,419625657
South America,2018,2979.24,423294926
Middle East & North Africa,1990,1664.95,439530498
Middle East & North Africa,1991,1749.51,451197295
Middle East & North Africa,1992,1794.91,462965549
Middle East & North Africa,1993,1881.3,474751093
Middle East & North Africa,1994,1959.64,486446390
Middle East & North Africa,1995,2039.93,497981880
Middle East & North Africa,1996,2120.13,509326114
Middle East & North Africa,1997,2193.34,520521014
Middle East & North Africa,1998,2228.49,531663313
Middle East & North Africa,1999,2304.98,542891264
Middle East & North Africa,2000,2398.61,554312642
Middle East & North Africa,2001,2408.29,565956701
Middle East & North Africa,2002,2506.38,577817522
Middle East & North Africa,2003,2589.3,589924779
Middle East & North Africa,2004,2722.85,602303000
Middle East & North Africa,2005,2893.34,614968962
Middle East & North Africa,2006,3070.1,627929760
Middle East & North Africa,2007,3227.79,641184408
Middle East & North Africa,2008,3368.88,654726476
Middle East & North Africa,2009,3490.78,668542897
Middle East & North Africa,2010,3607.62,682613408
Middle East & North Africa,2011,3730.2,696934453
Middle East & North Africa,2012,3881.09,711477367
Middle East & North Africa,2013,3934.77,726163019
Middle East & North Africa,2014,4069.76,740890467
Middle East & North Africa,2015,4132.77,755580938
Middle East & North Africa,2016,4256.91,770191393
Middle East & North Africa,2017,4383.69,784715874
Middle East & North Africa,2018,4431.1,799158361
Sub-Saharan Africa,1990,2259.55,502477385
Sub-Saharan Africa,1991,2304.83,516712722
Sub-Saharan Africa,1992,2334.55,531210751
Sub-Saharan Africa,1993,2353.95,545960016
Sub-Saharan Africa,1994,2434.99,560947971
Sub-Saharan Africa,1995,2457.48,576173305
Sub-Saharan Africa,1996,2458.21,591642343
Sub-Saharan Africa,1997,2494.93,607381724
Sub-Saharan Africa,1998,2566.0,623438679
Sub-Saharan Africa,1999,2539.29,639874058
Sub-Saharan Africa,2000,2522.36,656742876
Sub-Saharan Africa,2001,2588.33,674065457
Sub-Saharan Africa,2002,2658.45,691866392
Sub-Saharan Africa,2003,2756.22,710209114
Sub-Saharan Africa,2004,2801.2,729167554
Sub-Saharan Africa,2005,2882.95,748797572
Sub-Saharan Africa,2006,2880.83,769127346
Sub-Saharan Africa,2007,2955.06,790158143
Sub-Saharan Africa,2008,3032.17,811882451
Sub-Saharan Africa,2009,2995.76,834278727
Sub-Saharan Africa,2010,3111.17,857327835
Sub-Saharan Africa,2011,3339.13,881027481
Sub-Saharan Africa,2012,3395.73,905375200
Sub-Saharan Africa,2013,3445.25,930347572
Sub-Saharan Africa,2014,3489.78,955914484
Sub-Saharan Africa,2015,3516.65,982048966
Sub-Saharan Africa,2016,3620.92,1008742018
Sub-Saharan Africa,2017,3643.12,1035980705
Sub-Saharan Africa,2018,3670.92,1063728659
Oceania,1990,647.75,27727219
Oceania,1991,648.32,28169229
Oceania,1992,652.81,28608789
Oceania,1993,652.79,29043376
Oceania,1994,658.69,29470408
Oceania,1995,671.76,29888478
Oceania,1996,671.63,30297914
Oceania,1997,699.81,30701156
Oceania,1998,710.56,31102596
Oceania,1999,749.37,31507772
Oceania,2000,769.35,31922207
Oceania,2001,777.92,32344505
Oceania,2002,776.22,32776984
Oceania,2003,702.62,33232368
Oceania,2004,755.85,33726869
Oceania,2005,720.05,34270865
Oceania,2006,768.93,34870414
Oceania,2007,767.32,35518567
Oceania,2008,737.09,36196703
Oceania,2009,751.45,36878408
Oceania,2010,719.08,37543949
Oceania,2011,756.75,38186613
Oceania,2012,758.09,38810109
Oceania,2013,671.2,39418389
Oceania,2014,684.52,40019364
Oceania,2015,687.04,40618710
Oceania,2016,767.13,41216353
Oceania,2017,814.58,41809139
Oceania,2018,810.39,42396421
Central America & Caribbean,1990,213.83,58882191
Central America & Caribbean,1991,206.53,59940230
Central America & Caribbean,1992,208.41,61004290
Central America & Caribbean,1993,207.1,62072589
Central America & Caribbean,1994,213.45,63142967
Central America & Caribbean,1995,217.4,64213523
Central America & Caribbean,1996,220.94,65283288
Central America & Caribbean,1997,227.58,66351415
Central America & Caribbean,1998,237.04,67416572
Central America & Caribbean,1999,234.8,68477284
Central America & Caribbean,2000,238.96,69532562
Central America & Caribbean,2001,238.63,70582338
Central America & Caribbean,2002,242.7,71626435
Central America & Caribbean,2003,246.65,72663612
Central America & Caribbean,2004,244.14,73692585
Central America & Caribbean,2005,255.37,74712729
Central America & Caribbean,2006,263.57,75722764
Central America & Caribbean,2007,271.06,76724064
Central America & Caribbean,2008,266.28,77722565
Central America & Caribbean,2009,278.84,78726309
Central America & Caribbean,2010,275.35,79740789
Central America & Caribbean,2011,260.43,80768000
Central America & Caribbean,2012,264.05,81805511
Central America & Caribbean,2013,264.54,82848800
Central America & Caribbean,2014,266.51,83891268
Central America & Caribbean,2015,272.85,84927599
Central America & Caribbean,2016,288.51,85956350
Central America & Caribbean,2017,281.89,86977651
Central America & Caribbean,2018,288.39,87990342
